date,correlation
11/22/2021,0.45388
11/19/2021,0.38808
11/18/2021,0.66601
11/17/2021,0.7649
11/16/2021,0.78042
11/15/2021,0.78417
11/12/2021,0.70163
11/11/2021,0.63191
11/10/2021,0.65611
11/9/2021,0.69302
11/8/2021,0.95612
11/5/2021,0.94758
11/4/2021,0.96387
11/3/2021,0.97142
11/2/2021,0.97097
11/1/2021,0.9681
10/29/2021,0.96249
10/28/2021,0.9588
10/27/2021,0.94931
10/26/2021,0.94114
10/25/2021,0.95404
10/22/2021,0.93672
10/21/2021,0.91734
10/20/2021,0.94902
10/19/2021,0.94575
10/18/2021,0.96622
10/15/2021,0.88589
10/14/2021,0.8524
10/13/2021,0.78658
10/12/2021,0.63317
10/11/2021,0.31142
10/8/2021,-0.01892
10/7/2021,0.26273
10/6/2021,0.50757
10/5/2021,0.68659
10/4/2021,0.78507
10/1/2021,0.83159
9/30/2021,0.82803
9/29/2021,0.8282
9/28/2021,0.79767
9/27/2021,0.84266
9/24/2021,0.67518
9/23/2021,0.50601
9/22/2021,0.50745
9/21/2021,0.56679
9/20/2021,0.43232
9/17/2021,0.43033
9/16/2021,0.48175
9/15/2021,0.50821
9/14/2021,0.58556
9/13/2021,0.65414
9/10/2021,0.79884
9/9/2021,0.90655
9/8/2021,0.90357
9/7/2021,0.89811
9/3/2021,0.85306
9/2/2021,0.88306
9/1/2021,0.90296
8/31/2021,0.86685
8/30/2021,0.84153
8/27/2021,0.72336
8/26/2021,0.77195
8/25/2021,0.76815
8/24/2021,0.76525
8/23/2021,0.76849
8/20/2021,0.83824
8/19/2021,0.8097
8/18/2021,0.78084
8/17/2021,0.83639
8/16/2021,0.38593
8/13/2021,0.0547
8/12/2021,0.68508
8/11/2021,0.9231
8/10/2021,0.91464
8/9/2021,0.88148
8/6/2021,0.89053
8/5/2021,0.90934
8/4/2021,0.89155
8/3/2021,0.86135
8/2/2021,0.80305
7/30/2021,0.48877
7/29/2021,0.06284
7/28/2021,0.18356
7/27/2021,0.22029
7/26/2021,0.67244
7/23/2021,0.51139
7/22/2021,0.46124
7/21/2021,0.45586
7/20/2021,0.37885
7/19/2021,0.3927
7/16/2021,0.40192
7/15/2021,0.44409
7/14/2021,0.45725
7/13/2021,0.53403
7/12/2021,0.53264
7/9/2021,0.60482
7/8/2021,0.55355
7/7/2021,0.49908
7/6/2021,0.81086
7/2/2021,0.90083
7/1/2021,0.92121
6/30/2021,0.93502
6/29/2021,0.94174
6/28/2021,0.90931
6/25/2021,0.90091
6/24/2021,0.89224
6/23/2021,0.70554
6/22/2021,0.49496
6/21/2021,0.21822
6/18/2021,0.09274
6/17/2021,0.21483
6/16/2021,0.19316
6/15/2021,0.22829
6/14/2021,0.44264
6/11/2021,0.54616
6/10/2021,0.57237
6/9/2021,0.55695
6/8/2021,0.54444
6/7/2021,0.54987
6/4/2021,0.57656
6/3/2021,0.65239
6/2/2021,0.85639
6/1/2021,0.89996
5/28/2021,0.89291
5/27/2021,0.87075
5/26/2021,0.61457
5/25/2021,0.49359
5/24/2021,0.46129
5/21/2021,0.79973
5/20/2021,0.87686
5/19/2021,0.91398
5/18/2021,0.92087
5/17/2021,0.92517
5/14/2021,0.92516
5/13/2021,0.85242
5/12/2021,0.80398
5/11/2021,0.69985
5/10/2021,0.49619
5/7/2021,0.68366
5/6/2021,0.70195
5/5/2021,0.69941
5/4/2021,0.54443
5/3/2021,0.44067
4/30/2021,0.43244
4/29/2021,0.55799
4/28/2021,0.47848
4/27/2021,0.19288
4/26/2021,-0.17889
4/23/2021,0.19768
4/22/2021,0.49525
4/21/2021,0.63319
4/20/2021,0.7229
4/19/2021,0.7351
4/16/2021,0.72236
4/15/2021,0.70304
4/14/2021,0.67382
4/13/2021,0.73194
4/12/2021,0.84539
4/9/2021,0.83377
4/8/2021,0.82529
4/7/2021,0.7582
4/6/2021,0.74781
4/5/2021,0.73489
4/1/2021,0.61183
3/31/2021,0.57273
3/30/2021,0.50796
3/29/2021,0.57559
3/26/2021,0.52527
3/25/2021,0.42
3/24/2021,0.31535
3/23/2021,0.16719
3/22/2021,0.17873
3/19/2021,0.61631
3/18/2021,0.66551
3/17/2021,0.67832
3/16/2021,0.70376
3/15/2021,0.70999
3/12/2021,0.69801
3/11/2021,0.71915
3/10/2021,0.70678
3/9/2021,0.72883
3/8/2021,0.82032
3/5/2021,0.69453
3/4/2021,0.72409
3/3/2021,0.7279
3/2/2021,0.74792
3/1/2021,0.80331
2/26/2021,0.83218
2/25/2021,0.82613
2/24/2021,0.84992
2/23/2021,0.87145
2/22/2021,0.84179
2/19/2021,0.838
2/18/2021,0.84619
2/17/2021,0.8262
2/16/2021,0.72321
2/12/2021,0.63609
2/11/2021,0.5706
2/10/2021,0.46508
2/9/2021,0.56823
2/8/2021,0.67315
2/5/2021,0.63529
2/4/2021,0.63626
2/3/2021,0.62925
2/2/2021,0.65444
2/1/2021,0.69576
1/29/2021,0.69622
1/28/2021,0.69343
1/27/2021,0.65528
1/26/2021,0.60455
1/25/2021,0.09023
1/22/2021,0.10829
1/21/2021,0.47098
1/20/2021,0.78258
1/19/2021,0.88154
1/15/2021,0.91445
1/14/2021,0.94753
1/13/2021,0.95533
1/12/2021,0.95913
1/11/2021,0.95525
1/8/2021,0.9827
1/7/2021,0.96724
1/6/2021,0.96337
1/5/2021,0.92741
1/4/2021,0.87012
12/31/2020,0.74445
12/30/2020,0.69171
12/29/2020,0.6259
12/28/2020,0.61411
12/24/2020,0.69807
12/23/2020,0.62654
12/22/2020,0.43426
12/21/2020,0.41593
12/18/2020,0.36292
12/17/2020,0.09652
12/16/2020,0.20065
12/15/2020,0.50991
12/14/2020,0.46179
12/11/2020,0.36912
12/10/2020,0.39141
12/9/2020,0.58264
12/8/2020,0.76647
12/7/2020,0.81054
12/4/2020,0.8892
12/3/2020,0.91086
12/2/2020,0.9217
12/1/2020,0.91796
11/30/2020,0.93697
11/27/2020,0.96747
11/25/2020,0.96591
11/24/2020,0.95751
11/23/2020,0.93662
11/20/2020,0.90279
11/19/2020,0.87857
11/18/2020,0.73947
11/17/2020,0.83852
11/16/2020,0.60654
11/13/2020,0.70527
11/12/2020,0.68942
11/11/2020,0.69134
11/10/2020,0.69121
11/9/2020,0.70109
11/6/2020,0.71938
11/5/2020,0.69042
11/4/2020,0.64898
11/3/2020,0.6489
11/2/2020,0.74407
10/30/2020,0.74678
10/29/2020,0.85175
10/28/2020,0.83051
10/27/2020,0.76743
10/26/2020,0.75929
10/23/2020,0.74706
10/22/2020,0.6721
10/21/2020,0.70499
10/20/2020,0.67223
10/19/2020,0.73211
10/16/2020,0.801
10/15/2020,0.88845
10/14/2020,0.8848
10/13/2020,0.80176
10/12/2020,0.76637
10/9/2020,0.69405
10/8/2020,0.75777
10/7/2020,0.9027
10/6/2020,0.7875
10/5/2020,0.80484
10/2/2020,0.84938
10/1/2020,0.87069
9/30/2020,0.85894
9/29/2020,0.87393
9/28/2020,0.86735
9/25/2020,0.80751
9/24/2020,0.82213
9/23/2020,0.8332
9/22/2020,0.89658
9/21/2020,0.91073
9/18/2020,0.89541
9/17/2020,0.89027
9/16/2020,0.86133
9/15/2020,0.8893
9/14/2020,0.84406
9/11/2020,0.97496
9/10/2020,0.98488
9/9/2020,0.98886
9/8/2020,0.99082
9/4/2020,0.99272
9/3/2020,0.99312
9/2/2020,0.99273
9/1/2020,0.99333
8/31/2020,0.99965
8/28/2020,0.881
8/27/2020,0.89124
8/26/2020,0.89624
8/25/2020,0.92431
8/24/2020,0.9399
8/21/2020,0.95733
8/20/2020,0.94969
8/19/2020,0.94831
8/18/2020,0.93509
8/17/2020,0.91491
8/14/2020,0.90091
8/13/2020,0.75579
8/12/2020,0.46575
8/11/2020,0.65766
8/10/2020,0.17127
8/7/2020,-0.72908
8/6/2020,0.01167
8/5/2020,0.27007
8/4/2020,0.46138
8/3/2020,0.56743
7/31/2020,0.41213
7/30/2020,0.43202
7/29/2020,0.42764
7/28/2020,0.42029
7/27/2020,0.39572
7/24/2020,0.32987
7/23/2020,-0.08004
7/22/2020,0.38852
7/21/2020,0.48191
7/20/2020,0.49644
7/17/2020,0.65147
7/16/2020,0.7762
7/15/2020,0.87259
7/14/2020,0.90676
7/13/2020,0.92149
7/10/2020,0.94905
7/9/2020,0.97179
7/8/2020,0.96422
7/7/2020,0.96233
7/6/2020,0.95086
7/2/2020,0.89895
7/1/2020,0.72608
6/30/2020,0.25229
6/29/2020,-0.03553
6/26/2020,0.03505
6/25/2020,0.12353
6/24/2020,0.13814
6/23/2020,0.16291
6/22/2020,0.3739
6/19/2020,0.47286
6/18/2020,0.69101
6/17/2020,0.73793
6/16/2020,0.75942
6/15/2020,0.77361
6/12/2020,0.84754
6/11/2020,0.9154
6/10/2020,0.93364
6/9/2020,0.89853
6/8/2020,0.87045
6/5/2020,0.83743
6/4/2020,0.82772
6/3/2020,0.84979
6/2/2020,0.81804
6/1/2020,0.77204
5/29/2020,0.3356
5/28/2020,0.69795
5/27/2020,0.46253
5/26/2020,0.42806
5/22/2020,0.30162
5/21/2020,0.14197
5/20/2020,0.38593
5/19/2020,0.4599
5/18/2020,0.42279
5/15/2020,0.62126
5/14/2020,0.54987
5/13/2020,0.47774
5/12/2020,0.46694
5/11/2020,0.39198
5/8/2020,0.27227
5/7/2020,0.39605
5/6/2020,0.46361
5/5/2020,0.49349
5/4/2020,0.48397
5/1/2020,0.56041
4/30/2020,0.60586
4/29/2020,0.58861
4/28/2020,0.42672
4/27/2020,0.36757
4/24/2020,0.78385
4/23/2020,0.89718
4/22/2020,0.93219
4/21/2020,0.95015
4/20/2020,0.97349
4/17/2020,0.9694
4/16/2020,0.97198
4/15/2020,0.96586
4/14/2020,0.95368
4/13/2020,0.94071
4/9/2020,0.89029
4/8/2020,0.82489
4/7/2020,0.80744
4/6/2020,0.65676
4/3/2020,0.81654
4/2/2020,0.8896
4/1/2020,0.90431
3/31/2020,0.91801
3/30/2020,0.92091
3/27/2020,0.90745
3/26/2020,0.9176
3/25/2020,0.92782
3/24/2020,0.94886
3/23/2020,0.9701
3/20/2020,0.96987
3/19/2020,0.97162
3/18/2020,0.99176
3/17/2020,0.98923
3/16/2020,0.9736
3/13/2020,0.93678
3/12/2020,0.9197
3/11/2020,0.86786
3/10/2020,0.87617
3/9/2020,0.90222
3/6/2020,0.87562
3/5/2020,0.91062
3/4/2020,0.92849
3/3/2020,0.94001
3/2/2020,0.95318
2/28/2020,0.95399
2/27/2020,0.89561
2/26/2020,0.89703
2/25/2020,0.90233
2/24/2020,0.92749
2/21/2020,0.94111
2/20/2020,0.93095
2/19/2020,0.7624
2/18/2020,0.6824
2/14/2020,0.52716
2/13/2020,0.69459
2/12/2020,0.79528
2/11/2020,0.85835
2/10/2020,0.88488
2/7/2020,0.90404
2/6/2020,0.90872
2/5/2020,0.91886
2/4/2020,0.95707
2/3/2020,0.93346
1/31/2020,0.98285
1/30/2020,0.97633
1/29/2020,0.93548
1/28/2020,0.91617
1/27/2020,0.88723
1/24/2020,0.91299
1/23/2020,0.89045
1/22/2020,0.86613
1/21/2020,0.831
1/17/2020,0.87171
1/16/2020,0.89814
1/15/2020,0.93121
1/14/2020,0.94459
1/13/2020,0.91283
1/10/2020,0.91882
1/9/2020,0.91164
1/8/2020,0.93074
1/7/2020,0.88318
1/6/2020,0.79948
1/3/2020,0.8201
1/2/2020,0.8596
12/31/2019,0.8971
12/30/2019,0.93398
12/27/2019,0.95719
12/26/2019,0.96376
12/24/2019,0.96112
12/23/2019,0.95812
12/20/2019,0.95442
12/19/2019,0.96012
12/18/2019,0.9487
12/17/2019,0.92813
12/16/2019,0.91962
12/13/2019,0.92533
12/12/2019,0.91929
12/11/2019,0.86035
12/10/2019,0.61901
12/9/2019,0.36649
12/6/2019,0.31578
12/5/2019,0.82126
12/4/2019,0.88293
12/3/2019,0.86601
12/2/2019,0.8832
11/29/2019,0.90546
11/27/2019,0.87827
11/26/2019,0.82644
11/25/2019,0.68801
11/22/2019,0.65003
11/21/2019,0.70538
11/20/2019,0.80751
11/19/2019,0.90822
11/18/2019,0.9331
11/15/2019,0.94732
11/14/2019,0.94187
11/13/2019,0.94507
11/12/2019,0.96771
11/11/2019,0.93962
11/8/2019,0.89835
11/7/2019,0.25506
11/6/2019,0.37298
11/5/2019,0.88825
11/4/2019,0.93334
11/1/2019,0.94525
10/31/2019,0.95251
10/30/2019,0.95325
10/29/2019,0.95161
10/28/2019,0.95315
10/25/2019,0.94078
10/24/2019,0.96611
10/23/2019,0.78289
10/22/2019,0.84916
10/21/2019,0.90099
10/18/2019,0.94244
10/17/2019,0.9509
10/16/2019,0.94631
10/15/2019,0.92303
10/14/2019,0.88954
10/11/2019,0.88392
10/10/2019,0.85443
10/9/2019,0.67381
10/8/2019,0.76928
10/7/2019,0.37707
10/4/2019,0.43072
10/3/2019,0.39963
10/2/2019,0.4166
10/1/2019,0.42615
9/30/2019,0.43529
9/27/2019,0.45054
9/26/2019,0.48244
9/25/2019,0.64498
9/24/2019,0.20579
9/23/2019,0.57752
9/20/2019,0.75366
9/19/2019,0.87523
9/18/2019,0.89319
9/17/2019,0.86536
9/16/2019,0.87452
9/13/2019,0.8627
9/12/2019,0.85502
9/11/2019,0.85503
9/10/2019,0.82603
9/9/2019,0.83345
9/6/2019,0.71385
9/5/2019,0.67221
9/4/2019,0.7446
9/3/2019,0.81317
8/30/2019,0.80393
8/29/2019,0.74754
8/28/2019,0.72706
8/27/2019,0.58104
8/26/2019,0.61248
8/23/2019,0.617
8/22/2019,0.69351
8/21/2019,0.7389
8/20/2019,0.66997
8/19/2019,0.67574
8/16/2019,0.67893
8/15/2019,0.61757
8/14/2019,0.21603
8/13/2019,0.52969
8/12/2019,0.44462
8/9/2019,0.40445
8/8/2019,0.50143
8/7/2019,0.4446
8/6/2019,0.8553
8/5/2019,0.89718
8/2/2019,0.89924
8/1/2019,0.90563
7/31/2019,0.93616
7/30/2019,0.94009
7/29/2019,0.95264
7/26/2019,0.9614
7/25/2019,0.92512
7/24/2019,0.91274
7/23/2019,0.94311
7/22/2019,0.9596
7/19/2019,0.96723
7/18/2019,0.95882
7/17/2019,0.93953
7/16/2019,0.94207
7/15/2019,0.92825
7/12/2019,0.86186
7/11/2019,0.87241
7/10/2019,0.87827
7/9/2019,0.8985
7/8/2019,0.91106
7/5/2019,0.88737
7/3/2019,0.84516
7/2/2019,0.56338
7/1/2019,0.57123
6/28/2019,0.11667
6/27/2019,0.51287
6/26/2019,0.67331
6/25/2019,0.39581
6/24/2019,0.40889
6/21/2019,0.46566
6/20/2019,0.66302
6/19/2019,0.72192
6/18/2019,0.76789
6/17/2019,0.79824
6/14/2019,0.85668
6/13/2019,0.88354
6/12/2019,0.89363
6/11/2019,0.92423
6/10/2019,0.88492
6/7/2019,0.76609
6/6/2019,0.68997
6/5/2019,0.49574
6/4/2019,0.51215
6/3/2019,0.78858
5/31/2019,0.84238
5/30/2019,0.91269
5/29/2019,0.93062
5/28/2019,0.93986
5/24/2019,0.93342
5/23/2019,0.95017
5/22/2019,0.94861
5/21/2019,0.95007
5/20/2019,0.94128
5/17/2019,0.90519
5/16/2019,0.84044
5/15/2019,0.81215
5/14/2019,0.78018
5/13/2019,0.74673
5/10/2019,0.57532
5/9/2019,0.45389
5/8/2019,0.46386
5/7/2019,0.64184
5/6/2019,0.75031
5/3/2019,0.81585
5/2/2019,0.92149
5/1/2019,0.93575
4/30/2019,0.90692
4/29/2019,0.88955
4/26/2019,0.91101
4/25/2019,0.79553
4/24/2019,0.66792
4/23/2019,0.61872
4/22/2019,0.51468
4/18/2019,0.41771
4/17/2019,0.53165
4/16/2019,0.84055
4/15/2019,0.90816
4/12/2019,0.90043
4/11/2019,0.90316
4/10/2019,0.89086
4/9/2019,0.89296
4/8/2019,0.91174
4/5/2019,0.95969
4/4/2019,0.90979
4/3/2019,0.91187
4/2/2019,0.88396
4/1/2019,0.87551
3/29/2019,0.73595
3/28/2019,0.67226
3/27/2019,0.84176
3/26/2019,0.87305
3/25/2019,0.88749
3/22/2019,0.82591
3/21/2019,0.78906
3/20/2019,0.77396
3/19/2019,0.77174
3/18/2019,0.64437
3/15/2019,0.48471
3/14/2019,0.69011
3/13/2019,0.86394
3/12/2019,0.84894
3/11/2019,0.84113
3/8/2019,0.85648
3/7/2019,0.86658
3/6/2019,0.81656
3/5/2019,0.7651
3/4/2019,0.64004
3/1/2019,0.64087
2/28/2019,0.74525
2/27/2019,0.55625
2/26/2019,0.79612
2/25/2019,0.83506
2/22/2019,0.82816
2/21/2019,0.74876
2/20/2019,0.86562
2/19/2019,0.68519
2/15/2019,0.66313
2/14/2019,0.57132
2/13/2019,0.50526
2/12/2019,0.56524
2/11/2019,0.7596
2/8/2019,0.82634
2/7/2019,0.86433
2/6/2019,0.937
2/5/2019,0.91348
2/4/2019,0.82491
2/1/2019,0.55935
1/31/2019,0.87885
1/30/2019,0.92561
1/29/2019,0.93613
1/28/2019,0.93618
1/25/2019,0.93792
1/24/2019,0.92679
1/23/2019,0.92964
1/22/2019,0.87505
1/18/2019,0.64888
1/17/2019,0.8075
1/16/2019,0.84717
1/15/2019,0.86917
1/14/2019,0.86062
1/11/2019,0.86762
1/10/2019,0.83482
1/9/2019,0.7105
1/8/2019,0.59421
1/7/2019,0.50793
1/4/2019,0.43266
1/3/2019,0.56096
1/2/2019,0.60107
12/31/2018,0.69733
12/28/2018,0.81902
12/27/2018,0.8685
12/26/2018,0.87893
12/24/2018,0.9606
12/21/2018,0.93975
12/20/2018,0.93161
12/19/2018,0.82284
12/18/2018,0.65655
12/17/2018,0.43738
12/14/2018,0.71183
12/13/2018,0.78415
12/12/2018,0.79681
12/11/2018,0.81362
12/10/2018,0.73438
12/7/2018,0.71039
12/6/2018,0.60407
12/4/2018,0.52985
12/3/2018,0.49161
11/30/2018,0.31071
11/29/2018,0.32209
11/28/2018,0.35375
11/27/2018,0.38724
11/26/2018,0.23596
11/23/2018,0.4486
11/21/2018,0.22892
11/20/2018,0.38185
11/19/2018,0.44182
11/16/2018,0.32484
11/15/2018,0.29948
11/14/2018,0.29758
11/13/2018,0.4079
11/12/2018,0.58658
11/9/2018,0.93671
11/8/2018,0.81657
11/7/2018,0.79605
11/6/2018,0.8626
11/5/2018,0.86327
11/2/2018,0.90958
11/1/2018,0.91264
10/31/2018,0.90929
10/30/2018,0.88922
10/29/2018,0.86612
10/26/2018,0.81924
10/25/2018,0.7908
10/24/2018,0.57361
10/23/2018,0.31583
10/22/2018,0.57392
10/19/2018,0.5078
10/18/2018,0.48556
10/17/2018,0.7182
10/16/2018,0.85041
10/15/2018,0.94982
10/12/2018,0.94183
10/11/2018,0.94093
10/10/2018,0.94491
10/9/2018,0.92546
10/8/2018,0.94449
10/5/2018,0.91054
10/4/2018,0.86276
10/3/2018,0.87213
10/2/2018,0.78577
10/1/2018,0.79145
9/28/2018,0.77052
9/27/2018,0.46362
9/26/2018,0.35848
9/25/2018,0.30302
9/24/2018,0.44922
9/21/2018,0.47412
9/20/2018,0.72599
9/19/2018,0.65876
9/18/2018,0.7416
9/17/2018,0.79537
9/14/2018,0.84513
9/13/2018,0.88553
9/12/2018,0.91086
9/11/2018,0.95052
9/10/2018,0.95286
9/7/2018,0.97827
9/6/2018,0.97691
9/5/2018,0.97257
9/4/2018,0.88706
8/31/2018,0.72384
8/30/2018,0.46264
8/29/2018,0.63088
8/28/2018,0.73813
8/27/2018,0.85579
8/24/2018,0.89623
8/23/2018,0.90301
8/22/2018,0.90929
8/21/2018,0.91282
8/20/2018,0.77852
8/17/2018,0.69646
8/16/2018,0.4069
8/15/2018,0.28395
8/14/2018,0.7493
8/13/2018,0.86267
8/10/2018,0.89433
8/9/2018,0.89543
8/8/2018,0.91878
8/7/2018,0.90343
8/6/2018,0.91404
8/3/2018,0.90332
8/2/2018,0.81552
8/1/2018,0.69486
7/31/2018,0.79697
7/30/2018,0.72284
7/27/2018,0.63806
7/26/2018,0.68862
7/25/2018,0.66909
7/24/2018,0.69924
7/23/2018,0.64058
7/20/2018,0.24082
7/19/2018,0.61142
7/18/2018,0.5756
7/17/2018,0.09642
7/16/2018,0.77881
7/13/2018,0.83756
7/12/2018,0.83753
7/11/2018,0.83933
7/10/2018,0.81583
7/9/2018,0.80324
7/6/2018,0.77948
7/5/2018,0.72778
7/3/2018,0.58654
7/2/2018,0.46863
6/29/2018,0.5625
6/28/2018,0.58851
6/27/2018,0.55527
6/26/2018,0.55109
6/25/2018,0.53858
6/22/2018,0.56491
6/21/2018,0.80755
6/20/2018,0.90434
6/19/2018,0.89204
6/18/2018,0.93812
6/15/2018,0.94646
6/14/2018,0.94562
6/13/2018,0.94248
6/12/2018,0.92802
6/11/2018,0.90417
6/8/2018,0.88596
6/7/2018,0.87046
6/6/2018,0.83709
6/5/2018,0.62674
6/4/2018,0.595
6/1/2018,0.19979
5/31/2018,0.09179
5/30/2018,0.05709
5/29/2018,0.03425
5/25/2018,0.63284
5/24/2018,0.8172
5/23/2018,0.8609
5/22/2018,0.83081
5/21/2018,0.86644
5/18/2018,0.84453
5/17/2018,0.76814
5/16/2018,0.79475
5/15/2018,0.76413
5/14/2018,0.70461
5/11/2018,0.8535
5/10/2018,0.90336
5/9/2018,0.92933
5/8/2018,0.86986
5/7/2018,0.8319
5/4/2018,0.6584
5/3/2018,0.69495
5/2/2018,0.65094
5/1/2018,0.55726
4/30/2018,0.48586
4/27/2018,0.42336
4/26/2018,0.68331
4/25/2018,0.69579
4/24/2018,0.65028
4/23/2018,0.53595
4/20/2018,0.34252
4/19/2018,0.34957
4/18/2018,0.13032
4/17/2018,0.44903
4/16/2018,0.59903
4/13/2018,0.75361
4/12/2018,0.78408
4/11/2018,0.79397
4/10/2018,0.68955
4/9/2018,0.7088
4/6/2018,0.74296
4/5/2018,0.77108
4/4/2018,0.81852
4/3/2018,0.93232
4/2/2018,0.93293
3/29/2018,0.91478
3/28/2018,0.92767
3/27/2018,0.82273
3/26/2018,0.8147
3/23/2018,0.76645
3/22/2018,0.71936
3/21/2018,0.66159
3/20/2018,0.6236
3/19/2018,0.41377
3/16/2018,0.04541
3/15/2018,-0.27427
3/14/2018,-0.28768
3/13/2018,0.22144
3/12/2018,0.60066
3/9/2018,0.80955
3/8/2018,0.78571
3/7/2018,0.71958
3/6/2018,0.7045
3/5/2018,0.6959
3/2/2018,0.68572
3/1/2018,0.69076
2/28/2018,0.86505
2/27/2018,0.92476
2/26/2018,0.94085
2/23/2018,0.88106
2/22/2018,0.42426
2/21/2018,0.46956
2/20/2018,0.41438
2/16/2018,0.41372
2/15/2018,0.5457
2/14/2018,0.68965
2/13/2018,0.71922
2/12/2018,0.74156
2/9/2018,0.64906
2/8/2018,0.35973
2/7/2018,0.57282
2/6/2018,0.57914
2/5/2018,0.50604
2/2/2018,0.27828
2/1/2018,0.24995
1/31/2018,0.25692
1/30/2018,0.26627
1/29/2018,0.39942
1/26/2018,0.59973
1/25/2018,0.65781
1/24/2018,0.82464
1/23/2018,0.87399
1/22/2018,0.71152
1/19/2018,0.77756
1/18/2018,0.82601
1/17/2018,0.80539
1/16/2018,0.784
1/12/2018,0.75414
1/11/2018,0.74419
1/10/2018,0.66037
1/9/2018,0.48745
1/8/2018,0.23126
1/5/2018,0.73386
1/4/2018,0.79828
1/3/2018,0.83139
1/2/2018,0.88906
12/29/2017,0.9347
12/28/2017,0.93167
12/27/2017,0.94078
12/26/2017,0.73611
12/22/2017,0.5934
12/21/2017,0.75769
12/20/2017,0.83052
12/19/2017,0.87362
12/18/2017,0.9159
12/15/2017,0.91893
12/14/2017,0.9056
12/13/2017,0.89242
12/12/2017,0.7783
12/11/2017,0.48726
12/8/2017,0.49638
12/7/2017,0.49064
12/6/2017,0.49869
12/5/2017,0.64817
12/4/2017,0.46869
12/1/2017,0.34903
11/30/2017,0.10931
11/29/2017,0.04442
11/28/2017,0.14187
11/27/2017,-0.07293
11/24/2017,0.27123
11/22/2017,0.39961
11/21/2017,0.41783
11/20/2017,0.48722
11/17/2017,0.47874
11/16/2017,0.21882
11/15/2017,0.13225
11/14/2017,0.69275
11/13/2017,0.73475
11/10/2017,0.84181
11/9/2017,0.84825
11/8/2017,0.86264
11/7/2017,0.85438
11/6/2017,0.87494
11/3/2017,0.88424
11/2/2017,0.8885
11/1/2017,0.85123
10/31/2017,0.88405
10/30/2017,0.91527
10/27/2017,0.904
10/26/2017,0.89008
10/25/2017,0.86025
10/24/2017,0.73691
10/23/2017,0.30836
10/20/2017,0.27814
10/19/2017,0.30455
10/18/2017,0.37796
10/17/2017,0.25974
10/16/2017,0.47243
10/13/2017,0.61986
10/12/2017,0.66112
10/11/2017,0.69731
10/10/2017,0.5639
10/9/2017,0.57768
10/6/2017,0.56194
10/5/2017,0.54589
10/4/2017,0.77117
10/3/2017,0.8431
10/2/2017,0.93998
9/29/2017,0.93802
9/28/2017,0.932
9/27/2017,0.87418
9/26/2017,0.82592
9/25/2017,0.76215
9/22/2017,0.56031
9/21/2017,0.79507
9/20/2017,0.87768
9/19/2017,0.88635
9/18/2017,0.90249
9/15/2017,0.86207
9/14/2017,0.7919
9/13/2017,0.72277
9/12/2017,0.62112
9/11/2017,0.45319
9/8/2017,0.45625
9/7/2017,0.50451
9/6/2017,0.29635
9/5/2017,0.50585
9/1/2017,0.48296
8/31/2017,0.34626
8/30/2017,0.33574
8/29/2017,0.58717
8/28/2017,0.71518
8/25/2017,0.7546
8/24/2017,0.76762
8/23/2017,0.7641
8/22/2017,0.90492
8/21/2017,0.82017
8/18/2017,0.58881
8/17/2017,0.31654
8/16/2017,0.72084
8/15/2017,0.93334
8/14/2017,0.94771
8/11/2017,0.92097
8/10/2017,0.91925
8/9/2017,0.89953
8/8/2017,0.87275
8/7/2017,0.83079
8/4/2017,0.70507
8/3/2017,0.67246
8/2/2017,0.60677
8/1/2017,0.6019
7/31/2017,0.49262
7/28/2017,0.62653
7/27/2017,0.6377
7/26/2017,0.65164
7/25/2017,0.52982
7/24/2017,0.2021
7/21/2017,0.39125
7/20/2017,0.5333
7/19/2017,0.51049
7/18/2017,0.48071
7/17/2017,0.85887
7/14/2017,0.89107
7/13/2017,0.92443
7/12/2017,0.92108
7/11/2017,0.92808
7/10/2017,0.95295
7/7/2017,0.95017
7/6/2017,0.93483
7/5/2017,0.86395
7/3/2017,0.64779
6/30/2017,0.65849
6/29/2017,0.54676
6/28/2017,0.40759
6/27/2017,0.44198
6/26/2017,0.40329
6/23/2017,0.79042
6/22/2017,0.55584
6/21/2017,0.48559
6/20/2017,0.59524
6/19/2017,0.72914
6/16/2017,0.821
6/15/2017,0.86117
6/14/2017,0.85608
6/13/2017,0.81907
6/12/2017,0.84218
6/9/2017,0.88587
6/8/2017,0.96675
6/7/2017,0.96687
6/6/2017,0.94311
6/5/2017,0.93592
6/2/2017,0.92715
6/1/2017,0.91115
5/31/2017,0.86902
5/30/2017,0.74706
5/26/2017,0.44445
5/25/2017,0.6465
5/24/2017,0.78088
5/23/2017,0.8204
5/22/2017,0.59499
5/19/2017,0.62217
5/18/2017,0.68474
5/17/2017,0.68093
5/16/2017,0.68175
5/15/2017,0.68082
5/12/2017,0.65656
5/11/2017,0.60385
5/10/2017,0.54595
5/9/2017,0.43106
5/8/2017,0.49365
5/5/2017,0.5044
5/4/2017,0.59534
5/3/2017,0.65969
5/2/2017,0.74508
5/1/2017,0.78604
4/28/2017,0.73499
4/27/2017,0.68179
4/26/2017,0.47424
4/25/2017,0.43649
4/24/2017,0.47622
4/21/2017,0.43553
4/20/2017,0.52932
4/19/2017,0.50185
4/18/2017,0.45806
4/17/2017,0.48587
4/13/2017,0.76189
4/12/2017,0.85006
4/11/2017,0.91055
4/10/2017,0.92459
4/7/2017,0.90595
4/6/2017,0.92543
4/5/2017,0.93154
4/4/2017,0.95626
4/3/2017,0.8877
3/31/2017,0.85823
3/30/2017,0.82881
3/29/2017,0.78277
3/28/2017,0.69305
3/27/2017,0.24121
3/24/2017,0.48925
3/23/2017,0.64391
3/22/2017,0.68365
3/21/2017,0.72258
3/20/2017,0.8279
3/17/2017,0.7913
3/16/2017,0.71416
3/15/2017,0.44682
3/14/2017,0.16703
3/13/2017,0.44406
3/10/2017,0.38321
3/9/2017,0.4458
3/8/2017,0.62742
3/7/2017,0.91138
3/6/2017,0.92805
3/3/2017,0.91101
3/2/2017,0.9025
3/1/2017,0.91082
2/28/2017,0.91485
2/27/2017,0.86109
2/24/2017,0.75833
2/23/2017,0.62426
2/22/2017,0.68432
2/21/2017,0.81212
2/17/2017,0.85009
2/16/2017,0.89118
2/15/2017,0.95288
2/14/2017,0.9399
2/13/2017,0.92267
2/10/2017,0.90175
2/9/2017,0.85816
2/8/2017,0.59345
2/7/2017,0.41188
2/6/2017,0.029
2/3/2017,0.43774
2/2/2017,0.62956
2/1/2017,0.6841
1/31/2017,0.87519
1/30/2017,0.92327
1/27/2017,0.9135
1/26/2017,0.93283
1/25/2017,0.93725
1/24/2017,0.92186
1/23/2017,0.90843
1/20/2017,0.90536
1/19/2017,0.87689
1/18/2017,0.70986
1/17/2017,0.78346
1/13/2017,0.78605
1/12/2017,0.78856
1/11/2017,0.77028
1/10/2017,0.7484
1/9/2017,0.7593
1/6/2017,0.75265
1/5/2017,0.71991
1/4/2017,0.65114
1/3/2017,0.85152
12/30/2016,0.88831
12/29/2016,0.90685
12/28/2016,0.92858
12/27/2016,0.91972
12/23/2016,0.90023
12/22/2016,0.91496
12/21/2016,0.9093
12/20/2016,0.85839
12/19/2016,0.87673
12/16/2016,0.87597
12/15/2016,0.87941
12/14/2016,0.78909
12/13/2016,0.69628
12/12/2016,0.56485
12/9/2016,0.6363
12/8/2016,0.67181
12/7/2016,0.66105
12/6/2016,0.69549
12/5/2016,0.70482
12/2/2016,0.68876
12/1/2016,0.52629
11/30/2016,0.64555
11/29/2016,0.70672
11/28/2016,0.70031
11/25/2016,0.55525
11/23/2016,0.15294
11/22/2016,-0.11524
11/21/2016,0.39933
11/18/2016,0.51527
11/17/2016,0.59845
11/16/2016,0.6472
11/15/2016,0.58573
11/14/2016,0.45474
11/11/2016,0.69819
11/10/2016,0.81533
11/9/2016,0.92056
11/8/2016,0.89801
11/7/2016,0.90673
11/4/2016,0.88579
11/3/2016,0.85961
11/2/2016,0.7925
11/1/2016,0.464
10/31/2016,0.39855
10/28/2016,0.56902
10/27/2016,0.56232
10/26/2016,0.47863
10/25/2016,0.47308
10/24/2016,0.39081
10/21/2016,0.37779
10/20/2016,0.33092
10/19/2016,0.39969
10/18/2016,0.83639
10/17/2016,0.94575
10/14/2016,0.94335
10/13/2016,0.93066
10/12/2016,0.90455
10/11/2016,0.91212
10/10/2016,0.89579
10/7/2016,0.85657
10/6/2016,0.78716
10/5/2016,0.72547
10/4/2016,0.75439
10/3/2016,0.68308
9/30/2016,0.31288
9/29/2016,0.14137
9/28/2016,0.70519
9/27/2016,0.82497
9/26/2016,0.8774
9/23/2016,0.88848
9/22/2016,0.81877
9/21/2016,0.77947
9/20/2016,0.72456
9/19/2016,0.637
9/16/2016,0.3523
9/15/2016,0.42579
9/14/2016,0.72581
9/13/2016,0.81756
9/12/2016,0.87174
9/9/2016,0.92013
9/8/2016,0.92907
9/7/2016,0.93287
9/6/2016,0.93011
9/2/2016,0.95529
9/1/2016,0.91972
8/31/2016,0.8781
8/30/2016,0.89264
8/29/2016,0.73212
8/26/2016,0.48888
8/25/2016,0.2679
8/24/2016,0.01802
8/23/2016,0.5683
8/22/2016,0.6085
8/19/2016,0.57541
8/18/2016,0.79523
8/17/2016,0.50855
8/16/2016,0.35899
8/15/2016,0.22555
8/12/2016,0.42238
8/11/2016,0.40833
8/10/2016,0.28685
8/9/2016,0.26859
8/8/2016,0.26254
8/5/2016,0.13927
8/4/2016,0.44227
8/3/2016,0.48031
8/2/2016,0.47649
8/1/2016,0.5183
7/29/2016,0.52636
7/28/2016,0.40514
7/27/2016,0.34115
7/26/2016,0.16544
7/25/2016,-0.09019
7/22/2016,-0.01879
7/21/2016,0.36425
7/20/2016,0.70911
7/19/2016,0.77154
7/18/2016,0.80659
7/15/2016,0.83861
7/14/2016,0.81761
7/13/2016,0.84903
7/12/2016,0.86895
7/11/2016,0.89958
7/8/2016,0.9187
7/7/2016,0.92362
7/6/2016,0.89243
7/5/2016,0.90549
7/1/2016,0.92153
6/30/2016,0.96275
6/29/2016,0.96561
6/28/2016,0.97516
6/27/2016,0.97257
6/24/2016,0.98534
6/23/2016,0.95679
6/22/2016,0.94424
6/21/2016,0.8841
6/20/2016,0.75655
6/17/2016,0.74586
6/16/2016,0.73304
6/15/2016,0.72632
6/14/2016,0.71148
6/13/2016,0.68494
6/10/2016,0.65541
6/9/2016,0.73091
6/8/2016,0.77632
6/7/2016,0.53054
6/6/2016,0.55261
6/3/2016,0.5425
6/2/2016,0.69122
6/1/2016,0.83751
5/31/2016,0.88086
5/27/2016,0.89245
5/26/2016,0.91108
5/25/2016,0.873
5/24/2016,0.84798
5/23/2016,0.82336
5/20/2016,0.68142
5/19/2016,0.37903
5/18/2016,0.32896
5/17/2016,0.71889
5/16/2016,0.84468
5/13/2016,0.88577
5/12/2016,0.91402
5/11/2016,0.92693
5/10/2016,0.93536
5/9/2016,0.93621
5/6/2016,0.92495
5/5/2016,0.95898
5/4/2016,0.94837
5/3/2016,0.85197
5/2/2016,0.58495
4/29/2016,0.37904
4/28/2016,0.19505
4/27/2016,0.14434
4/26/2016,0.02609
4/25/2016,0.04582
4/22/2016,0.00923
4/21/2016,-0.03257
4/20/2016,0.40827
4/19/2016,0.22024
4/18/2016,0.1077
4/15/2016,0.16414
4/14/2016,0.33848
4/13/2016,0.65141
4/12/2016,0.73259
4/11/2016,0.77865
4/8/2016,0.79884
4/7/2016,0.81364
4/6/2016,0.77674
4/5/2016,0.64786
4/4/2016,0.72035
4/1/2016,0.50351
3/31/2016,0.38856
3/30/2016,0.5372
3/29/2016,0.72894
3/28/2016,0.79015
3/24/2016,0.83952
3/23/2016,0.90316
3/22/2016,0.95897
3/21/2016,0.97324
3/18/2016,0.93762
3/17/2016,0.91302
3/16/2016,0.9051
3/15/2016,0.92754
3/14/2016,0.85065
3/11/2016,0.81513
3/10/2016,0.80673
3/9/2016,0.81419
3/8/2016,0.84055
3/7/2016,0.84266
3/4/2016,0.85331
3/3/2016,0.87312
3/2/2016,0.84714
3/1/2016,0.86684
2/29/2016,0.8999
2/26/2016,0.90457
2/25/2016,0.90807
2/24/2016,0.90664
2/23/2016,0.88309
2/22/2016,0.81863
2/19/2016,0.76345
2/18/2016,0.80133
2/17/2016,0.82694
2/16/2016,0.932
2/12/2016,0.92214
2/11/2016,0.92988
2/10/2016,0.93088
2/9/2016,0.9186
2/8/2016,0.91435
2/5/2016,0.84298
2/4/2016,0.81441
2/3/2016,0.79657
2/2/2016,0.70171
2/1/2016,0.83735
1/29/2016,0.87154
1/28/2016,0.84385
1/27/2016,0.63998
1/26/2016,0.58264
1/25/2016,0.55031
1/22/2016,0.63032
1/21/2016,0.6556
1/20/2016,0.71397
1/19/2016,0.76461
1/15/2016,0.82396
1/14/2016,0.90396
1/13/2016,0.94759
1/12/2016,0.93608
1/11/2016,0.92732
1/8/2016,0.9074
1/7/2016,0.88669
1/6/2016,0.81517
1/5/2016,0.71094
1/4/2016,0.59565
12/31/2015,0.55853
12/30/2015,-0.06013
12/29/2015,0.30233
12/28/2015,0.65801
12/24/2015,0.63235
12/23/2015,0.6191
12/22/2015,0.60989
12/21/2015,0.60763
12/18/2015,0.56291
12/17/2015,0.56252
12/16/2015,0.55362
12/15/2015,0.82735
12/14/2015,0.76037
12/11/2015,0.6604
12/10/2015,0.60846
12/9/2015,0.46473
12/8/2015,0.76517
12/7/2015,0.83238
12/4/2015,0.82972
12/3/2015,0.84131
12/2/2015,0.83075
12/1/2015,0.85694
11/30/2015,0.84472
11/27/2015,0.76937
11/25/2015,0.56934
11/24/2015,0.49697
11/23/2015,0.45723
11/20/2015,0.65231
11/19/2015,0.74299
11/18/2015,0.79335
11/17/2015,0.8275
11/16/2015,0.83099
11/13/2015,0.86436
11/12/2015,0.87503
11/11/2015,0.88693
11/10/2015,0.89251
11/9/2015,0.91154
11/6/2015,0.93342
11/5/2015,0.88874
11/4/2015,0.80136
11/3/2015,-0.42722
11/2/2015,0.09022
10/30/2015,0.63002
10/29/2015,0.65267
10/28/2015,0.60761
10/27/2015,0.59493
10/26/2015,0.52838
10/23/2015,0.4927
10/22/2015,0.4546
10/21/2015,0.46564
10/20/2015,0.5177
10/19/2015,0.85024
10/16/2015,0.91719
10/15/2015,0.87866
10/14/2015,0.87515
10/13/2015,0.88501
10/12/2015,0.88468
10/9/2015,0.85693
10/8/2015,0.82727
10/7/2015,0.76388
10/6/2015,0.74068
10/5/2015,0.701
10/2/2015,0.72601
10/1/2015,0.82222
9/30/2015,0.74021
9/29/2015,0.49118
9/28/2015,0.30264
9/25/2015,0.49681
9/24/2015,0.84383
9/23/2015,0.88229
9/22/2015,0.85514
9/21/2015,0.86996
9/18/2015,0.8788
9/17/2015,0.78618
9/16/2015,0.67128
9/15/2015,0.7787
9/14/2015,0.70312
9/11/2015,0.54257
9/10/2015,0.55226
9/9/2015,0.75569
9/8/2015,0.77712
9/4/2015,0.81382
9/3/2015,0.7957
9/2/2015,0.77265
9/1/2015,0.81832
8/31/2015,0.84004
8/28/2015,0.85506
8/27/2015,0.86315
8/26/2015,0.89118
8/25/2015,0.8825
8/24/2015,0.91496
8/21/2015,0.86892
8/20/2015,0.85845
8/19/2015,0.91839
8/18/2015,0.94656
8/17/2015,0.95277
8/14/2015,0.93191
8/13/2015,0.94981
8/12/2015,0.95006
8/11/2015,0.94419
8/10/2015,0.89577
8/7/2015,0.77636
8/6/2015,0.59528
8/5/2015,0.09523
8/4/2015,0.0526
8/3/2015,0.18516
7/31/2015,0.59632
7/30/2015,0.65545
7/29/2015,0.66311
7/28/2015,0.64235
7/27/2015,0.73137
7/24/2015,0.74813
7/23/2015,0.78674
7/22/2015,0.84437
7/21/2015,0.91433
7/20/2015,0.85319
7/17/2015,0.89126
7/16/2015,0.9224
7/15/2015,0.93602
7/14/2015,0.92086
7/13/2015,0.9393
7/10/2015,0.93909
7/9/2015,0.92401
7/8/2015,0.90852
7/7/2015,0.82459
7/6/2015,0.89632
7/2/2015,0.85822
7/1/2015,0.61188
6/30/2015,0.5991
6/29/2015,0.7854
6/26/2015,0.85009
6/25/2015,0.86436
6/24/2015,0.83164
6/23/2015,0.81487
6/22/2015,0.82801
6/19/2015,0.78462
6/18/2015,0.74174
6/17/2015,0.62165
6/16/2015,0.70334
6/15/2015,0.73127
6/12/2015,0.70033
6/11/2015,0.69944
6/10/2015,0.64545
6/9/2015,0.66974
6/8/2015,0.46268
6/5/2015,0.30391
6/4/2015,0.5792
6/3/2015,0.54751
6/2/2015,0.5281
6/1/2015,0.50886
5/29/2015,0.34888
5/28/2015,0.21121
5/27/2015,-0.00121
5/26/2015,0.13245
5/22/2015,0.5757
5/21/2015,0.73696
5/20/2015,0.78124
5/19/2015,0.7292
5/18/2015,0.65316
5/15/2015,0.65961
5/14/2015,0.63565
5/13/2015,0.57259
5/12/2015,0.41585
5/11/2015,0.11289
5/8/2015,-0.0821
5/7/2015,0.21328
5/6/2015,0.72916
5/5/2015,0.77639
5/4/2015,0.85722
5/1/2015,0.8874
4/30/2015,0.91253
4/29/2015,0.92501
4/28/2015,0.91053
4/27/2015,0.90804
4/24/2015,0.87051
4/23/2015,0.85109
4/22/2015,0.78448
4/21/2015,0.55384
4/20/2015,0.86539
4/17/2015,0.89609
4/16/2015,0.96092
4/15/2015,0.97468
4/14/2015,0.9635
4/13/2015,0.9562
4/10/2015,0.94948
4/9/2015,0.93012
4/8/2015,0.88799
4/7/2015,0.84877
4/6/2015,0.81907
4/2/2015,0.8405
4/1/2015,0.81569
3/31/2015,0.71046
3/30/2015,0.71557
3/27/2015,0.67354
3/26/2015,0.62915
3/25/2015,0.63653
3/24/2015,0.68919
3/23/2015,0.66811
3/20/2015,0.57409
3/19/2015,0.48243
3/18/2015,0.66715
3/17/2015,0.77367
3/16/2015,0.76909
3/13/2015,0.78248
3/12/2015,0.80154
3/11/2015,0.7989
3/10/2015,0.80903
3/9/2015,0.746
3/6/2015,0.67406
3/5/2015,0.65013
3/4/2015,0.58268
3/3/2015,0.56935
3/2/2015,0.47015
2/27/2015,0.39191
2/26/2015,0.48293
2/25/2015,0.55929
2/24/2015,0.67137
2/23/2015,0.73719
2/20/2015,0.86222
2/19/2015,0.90808
2/18/2015,0.93476
2/17/2015,0.91244
2/13/2015,0.91895
2/12/2015,0.90741
2/11/2015,0.89478
2/10/2015,0.84448
2/9/2015,0.85322
2/6/2015,0.84692
2/5/2015,0.8695
2/4/2015,0.82174
2/3/2015,0.77412
2/2/2015,0.67564
1/30/2015,0.74848
1/29/2015,0.73642
1/28/2015,0.75632
1/27/2015,0.85398
1/26/2015,0.82571
1/23/2015,0.86705
1/22/2015,0.91069
1/21/2015,0.94171
1/20/2015,0.95744
1/16/2015,0.96236
1/15/2015,0.96601
1/14/2015,0.97467
1/13/2015,0.97367
1/12/2015,0.97941
1/9/2015,0.91904
1/8/2015,0.88683
1/7/2015,0.86034
1/6/2015,0.81281
1/5/2015,0.71633
1/2/2015,0.503
12/31/2014,0.91968
12/30/2014,0.88812
12/29/2014,0.86621
12/26/2014,0.86057
12/24/2014,0.8476
12/23/2014,0.81584
12/22/2014,0.74752
12/19/2014,0.67825
12/18/2014,0.75077
12/17/2014,0.8387
12/16/2014,0.90377
12/15/2014,0.90193
12/12/2014,0.90705
12/11/2014,0.91634
12/10/2014,0.92237
12/9/2014,0.9198
12/8/2014,0.94306
12/5/2014,0.89152
12/4/2014,0.8755
12/3/2014,0.84835
12/2/2014,0.85504
12/1/2014,0.79127
11/28/2014,0.54995
11/26/2014,0.47821
11/25/2014,0.4686
11/24/2014,0.34171
11/21/2014,0.51785
11/20/2014,0.74098
11/19/2014,0.79274
11/18/2014,0.75776
11/17/2014,0.72279
11/14/2014,0.69916
11/13/2014,0.60091
11/12/2014,0.46739
11/11/2014,0.17583
11/10/2014,-0.27623
11/7/2014,0.16057
11/6/2014,0.14285
11/5/2014,0.23089
11/4/2014,0.39398
11/3/2014,0.37912
10/31/2014,0.35038
10/30/2014,0.19676
10/29/2014,0.32486
10/28/2014,0.21768
10/27/2014,0.33758
10/24/2014,0.30396
10/23/2014,0.45467
10/22/2014,0.82842
10/21/2014,0.88157
10/20/2014,0.90178
10/17/2014,0.91208
10/16/2014,0.91371
10/15/2014,0.90431
10/14/2014,0.93964
10/13/2014,0.94114
10/10/2014,0.92628
10/9/2014,0.94142
10/8/2014,0.94141
10/7/2014,0.92993
10/6/2014,0.84794
10/3/2014,0.68801
10/2/2014,0.78506
10/1/2014,0.88493
9/30/2014,0.88785
9/29/2014,0.85426
9/26/2014,0.52438
9/25/2014,0.73552
9/24/2014,0.80338
9/23/2014,0.82079
9/22/2014,0.81627
9/19/2014,0.77313
9/18/2014,0.74729
9/17/2014,0.75243
9/16/2014,0.70194
9/15/2014,0.47046
9/12/2014,0.54938
9/11/2014,0.80235
9/10/2014,0.85618
9/9/2014,0.87281
9/8/2014,0.8951
9/5/2014,0.92085
9/4/2014,0.93288
9/3/2014,0.9187
9/2/2014,0.93404
8/29/2014,0.84729
8/28/2014,0.74975
8/27/2014,0.76233
8/26/2014,0.73241
8/25/2014,0.68206
8/22/2014,0.72529
8/21/2014,0.8375
8/20/2014,0.86151
8/19/2014,0.86757
8/18/2014,0.91696
8/15/2014,0.94296
8/14/2014,0.95662
8/13/2014,0.9292
8/12/2014,0.92854
8/11/2014,0.91398
8/8/2014,0.8899
8/7/2014,0.89856
8/6/2014,0.84936
8/5/2014,0.79016
8/4/2014,0.68844
8/1/2014,0.40327
7/31/2014,0.45686
7/30/2014,0.68738
7/29/2014,0.69075
7/28/2014,0.43288
7/25/2014,0.2257
7/24/2014,0.16475
7/23/2014,0.07961
7/22/2014,0.11991
7/21/2014,0.14205
7/18/2014,0.29229
7/17/2014,0.61525
7/16/2014,0.69327
7/15/2014,0.82806
7/14/2014,0.87716
7/11/2014,0.89019
7/10/2014,0.88425
7/9/2014,0.83594
7/8/2014,0.78752
7/7/2014,0.45834
7/3/2014,0.29944
7/2/2014,0.37655
7/1/2014,0.62118
6/30/2014,0.52183
6/27/2014,0.63039
6/26/2014,0.79533
6/25/2014,0.83497
6/24/2014,0.8617
6/23/2014,0.87836
6/20/2014,0.86237
6/19/2014,0.83792
6/18/2014,0.81004
6/17/2014,0.79747
6/16/2014,0.35484
6/13/2014,0.47965
6/12/2014,0.6464
6/11/2014,0.73861
6/10/2014,0.78906
6/9/2014,0.69312
6/6/2014,0.69927
6/5/2014,0.72287
6/4/2014,0.85683
6/3/2014,0.88302
6/2/2014,0.9115
5/30/2014,0.9502
5/29/2014,0.95719
5/28/2014,0.96067
5/27/2014,0.94579
5/23/2014,0.92987
5/22/2014,0.92002
5/21/2014,0.87732
5/20/2014,0.87072
5/19/2014,0.92197
5/16/2014,0.9103
5/15/2014,0.91972
5/14/2014,0.92375
5/13/2014,0.9182
5/12/2014,0.89998
5/9/2014,0.87832
5/8/2014,0.81724
5/7/2014,0.41072
5/6/2014,0.47204
5/5/2014,0.44829
5/2/2014,0.43252
5/1/2014,0.46349
4/30/2014,0.51259
4/29/2014,0.53649
4/28/2014,0.52487
4/25/2014,0.4932
4/24/2014,0.42546
4/23/2014,0.54353
4/22/2014,0.572
4/21/2014,0.6388
4/17/2014,0.70284
4/16/2014,0.7967
4/15/2014,0.74088
4/14/2014,0.6115
4/11/2014,0.55456
4/10/2014,0.43699
4/9/2014,0.52457
4/8/2014,0.48435
4/7/2014,0.54314
4/4/2014,0.46919
4/3/2014,0.66974
4/2/2014,0.7397
4/1/2014,0.88794
3/31/2014,0.94162
3/28/2014,0.9365
3/27/2014,0.94122
3/26/2014,0.90822
3/25/2014,0.65488
3/24/2014,0.44543
3/21/2014,0.14661
3/20/2014,0.58402
3/19/2014,0.75315
3/18/2014,0.83845
3/17/2014,0.88587
3/14/2014,0.73464
3/13/2014,0.68568
3/12/2014,0.73092
3/11/2014,0.74413
3/10/2014,0.50203
3/7/2014,0.85161
3/6/2014,0.89282
3/5/2014,0.8994
3/4/2014,0.90946
3/3/2014,0.91203
2/28/2014,0.93629
2/27/2014,0.93283
2/26/2014,0.92276
2/25/2014,0.90147
2/24/2014,0.73893
2/21/2014,0.86458
2/20/2014,0.89311
2/19/2014,0.86387
2/18/2014,0.92558
2/14/2014,0.89867
2/13/2014,0.88581
2/12/2014,0.8635
2/11/2014,0.84703
2/10/2014,0.72008
2/7/2014,0.3788
2/6/2014,0.21561
2/5/2014,0.20562
2/4/2014,0.23662
2/3/2014,0.23052
1/31/2014,0.53026
1/30/2014,0.5511
1/29/2014,0.54524
1/28/2014,0.732
1/27/2014,0.79384
1/24/2014,0.83814
1/23/2014,0.839
1/22/2014,0.81741
1/21/2014,0.7762
1/17/2014,0.70421
1/16/2014,0.59366
1/15/2014,0.42275
1/14/2014,-0.42334
1/13/2014,0.61601
1/10/2014,0.30874
1/9/2014,0.46654
1/8/2014,0.58127
1/7/2014,0.80022
1/6/2014,0.88094
1/3/2014,0.83886
1/2/2014,0.8139
12/31/2013,0.73706
12/30/2013,0.73513
12/27/2013,0.73103
12/26/2013,0.6079
12/24/2013,0.51106
12/23/2013,0.49055
12/20/2013,0.55557
12/19/2013,0.55816
12/18/2013,0.66894
12/17/2013,0.58456
12/16/2013,0.23763
12/13/2013,0.63292
12/12/2013,0.65813
12/11/2013,0.74631
12/10/2013,0.8216
12/9/2013,0.81982
12/6/2013,0.83575
12/5/2013,0.83779
12/4/2013,0.77822
12/3/2013,0.67358
12/2/2013,-0.02612
11/29/2013,0.49569
11/27/2013,0.67333
11/26/2013,0.79934
11/25/2013,0.82292
11/22/2013,0.81448
11/21/2013,0.78054
11/20/2013,0.74839
11/19/2013,0.78843
11/18/2013,0.94307
11/15/2013,0.95172
11/14/2013,0.95155
11/13/2013,0.94376
11/12/2013,0.93063
11/11/2013,0.93466
11/8/2013,0.91541
11/7/2013,0.87624
11/6/2013,0.71761
11/5/2013,0.58482
11/4/2013,0.4113
11/1/2013,0.65148
10/31/2013,0.76735
10/30/2013,0.78698
10/29/2013,0.80207
10/28/2013,0.80056
10/25/2013,0.75639
10/24/2013,0.72585
10/23/2013,0.75909
10/22/2013,0.67185
10/21/2013,0.50556
10/18/2013,0.64279
10/17/2013,0.56999
10/16/2013,0.566
10/15/2013,0.51279
10/14/2013,0.71198
10/11/2013,0.77724
10/10/2013,0.82635
10/9/2013,0.80881
10/8/2013,0.73455
10/7/2013,0.82411
10/4/2013,0.803
10/3/2013,0.79176
10/2/2013,0.75614
10/1/2013,0.92886
9/30/2013,0.94848
9/27/2013,0.94528
9/26/2013,0.94406
9/25/2013,0.93706
9/24/2013,0.91405
9/23/2013,0.88867
9/20/2013,0.88747
9/19/2013,0.66604
9/18/2013,0.57375
9/17/2013,0.66913
9/16/2013,0.69169
9/13/2013,0.66345
9/12/2013,0.66301
9/11/2013,0.6266
9/10/2013,0.60243
9/9/2013,0.65164
9/6/2013,0.7857
9/5/2013,0.91495
9/4/2013,0.88184
9/3/2013,0.8992
8/30/2013,0.9325
8/29/2013,0.94169
8/28/2013,0.95001
8/27/2013,0.94391
8/26/2013,0.9088
8/23/2013,0.85166
8/22/2013,0.78792
8/21/2013,0.90992
8/20/2013,0.8582
8/19/2013,0.85612
8/16/2013,0.81534
8/15/2013,0.82402
8/14/2013,0.85731
8/13/2013,0.88613
8/12/2013,0.9001
8/9/2013,0.88477
8/8/2013,0.8664
8/7/2013,0.8214
8/6/2013,0.90517
8/5/2013,0.91642
8/2/2013,0.89522
8/1/2013,0.90533
7/31/2013,0.88335
7/30/2013,0.75157
7/29/2013,0.30062
7/26/2013,0.24074
7/25/2013,0.18909
7/24/2013,0.22727
7/23/2013,0.22993
7/22/2013,0.23486
7/19/2013,0.24135
7/18/2013,0.23782
7/17/2013,0.2848
7/16/2013,0.41219
7/15/2013,0.80413
7/12/2013,0.86962
7/11/2013,0.90105
7/10/2013,0.91762
7/9/2013,0.92411
7/8/2013,0.92446
7/5/2013,0.88449
7/3/2013,0.83807
7/2/2013,0.81401
7/1/2013,0.68882
6/28/2013,0.54177
6/27/2013,0.46733
6/26/2013,0.314
6/25/2013,0.41964
6/24/2013,0.47008
6/21/2013,0.60898
6/20/2013,0.57809
6/19/2013,0.71411
6/18/2013,0.73549
6/17/2013,0.74493
6/14/2013,0.4859
6/13/2013,0.30141
6/12/2013,0.4604
6/11/2013,0.64268
6/10/2013,0.54466
6/7/2013,0.5619
6/6/2013,0.64969
6/5/2013,0.72132
6/4/2013,0.74791
6/3/2013,0.75679
5/31/2013,0.77965
5/30/2013,0.81071
5/29/2013,0.82282
5/28/2013,0.67682
5/24/2013,0.31336
5/23/2013,0.6706
5/22/2013,0.83466
5/21/2013,0.91332
5/20/2013,0.92153
5/17/2013,0.92696
5/16/2013,0.92688
5/15/2013,0.91634
5/14/2013,0.91158
5/13/2013,0.95724
5/10/2013,0.88042
5/9/2013,0.85144
5/8/2013,0.47916
5/7/2013,0.55402
5/6/2013,0.65341
5/3/2013,0.7041
5/2/2013,0.76465
5/1/2013,0.82856
4/30/2013,0.87268
4/29/2013,0.89333
4/26/2013,0.94222
4/25/2013,0.97012
4/24/2013,0.9712
4/23/2013,0.97581
4/22/2013,0.9506
4/19/2013,0.92867
4/18/2013,0.89608
4/17/2013,0.83746
4/16/2013,0.63959
4/15/2013,0.54208
4/12/2013,0.48026
4/11/2013,0.75955
4/10/2013,0.84444
4/9/2013,0.89348
4/8/2013,0.92586
4/5/2013,0.9383
4/4/2013,0.95071
4/3/2013,0.95512
4/2/2013,0.98968
4/1/2013,0.98449
3/28/2013,0.88935
3/27/2013,0.7606
3/26/2013,0.81565
3/25/2013,0.84267
3/22/2013,0.87324
3/21/2013,0.87951
3/20/2013,0.86895
3/19/2013,0.85691
3/18/2013,0.80411
3/15/2013,0.78462
3/14/2013,0.86631
3/13/2013,0.94817
3/12/2013,0.94672
3/11/2013,0.94455
3/8/2013,0.84472
3/7/2013,0.77553
3/6/2013,0.54212
3/5/2013,0.7727
3/4/2013,0.7643
3/1/2013,0.7771
2/28/2013,0.79523
2/27/2013,0.80885
2/26/2013,0.80674
2/25/2013,0.73465
2/22/2013,0.70386
2/21/2013,0.65001
2/20/2013,0.07581
2/19/2013,0.13159
2/15/2013,0.45712
2/14/2013,0.59012
2/13/2013,0.67698
2/12/2013,0.7178
2/11/2013,0.75591
2/8/2013,0.67169
2/7/2013,0.67579
2/6/2013,0.60096
2/5/2013,0.8391
2/4/2013,0.89877
2/1/2013,0.90913
1/31/2013,0.91863
1/30/2013,0.9358
1/29/2013,0.94843
1/28/2013,0.95622
1/25/2013,0.89582
1/24/2013,0.8679
1/23/2013,0.73246
1/22/2013,0.51315
1/18/2013,0.48958
1/17/2013,0.47963
1/16/2013,0.64236
1/15/2013,0.71259
1/14/2013,0.70339
1/11/2013,0.70612
1/10/2013,0.76681
1/9/2013,0.76267
1/8/2013,0.71683
1/7/2013,0.78594
1/4/2013,0.80189
1/3/2013,0.82194
1/2/2013,0.81135
12/31/2012,0.67146
12/28/2012,0.73077
12/27/2012,0.10844
12/26/2012,0.33404
12/24/2012,0.3038
12/21/2012,0.29157
12/20/2012,0.2345
12/19/2012,0.32906
12/18/2012,0.39086
12/17/2012,0.41841
12/14/2012,0.39548
12/13/2012,0.40378
12/12/2012,0.85584
12/11/2012,0.78106
12/10/2012,0.8513
12/7/2012,0.86981
12/6/2012,0.84258
12/5/2012,0.83665
12/4/2012,0.83383
12/3/2012,0.79603
11/30/2012,0.7552
11/29/2012,0.73662
11/28/2012,0.5868
11/27/2012,0.70964
11/26/2012,0.75707
11/23/2012,0.8033
11/21/2012,0.81948
11/20/2012,0.79318
11/19/2012,0.66136
11/16/2012,0.18112
11/15/2012,0.61633
11/14/2012,0.77968
11/13/2012,0.88637
11/12/2012,0.91201
11/9/2012,0.9222
11/8/2012,0.91204
11/7/2012,0.88165
11/6/2012,0.8426
11/5/2012,0.76634
11/2/2012,0.36297
11/1/2012,0.1462
10/31/2012,0.02665
10/26/2012,0.04669
10/25/2012,-0.11132
10/24/2012,-0.01206
10/23/2012,0.12411
10/22/2012,0.40629
10/19/2012,0.4647
10/18/2012,0.50963
10/17/2012,0.69367
10/16/2012,0.80873
10/15/2012,0.78916
10/12/2012,0.70201
10/11/2012,0.44639
10/10/2012,0.54546
10/9/2012,0.69724
10/8/2012,0.69787
10/5/2012,0.67704
10/4/2012,0.72424
10/3/2012,0.79717
10/2/2012,0.84242
10/1/2012,0.88005
9/28/2012,0.9119
9/27/2012,0.91115
9/26/2012,0.89208
9/25/2012,0.87733
9/24/2012,0.91905
9/21/2012,0.88403
9/20/2012,0.89204
9/19/2012,0.89016
9/18/2012,0.88744
9/17/2012,0.8633
9/14/2012,0.54629
9/13/2012,0.02204
9/12/2012,-0.07958
9/11/2012,-0.08534
9/10/2012,-0.27154
9/7/2012,0.51426
9/6/2012,0.7463
9/5/2012,0.72148
9/4/2012,0.66106
8/31/2012,0.62468
8/30/2012,0.64345
8/29/2012,0.54769
8/28/2012,0.41328
8/27/2012,0.06826
8/24/2012,-0.13081
8/23/2012,-0.09416
8/22/2012,-0.13888
8/21/2012,-0.13383
8/20/2012,-0.30101
8/17/2012,0.37652
8/16/2012,0.66825
8/15/2012,0.77521
8/14/2012,0.75131
8/13/2012,0.81517
8/10/2012,0.6578
8/9/2012,0.6188
8/8/2012,0.52195
8/7/2012,0.51157
8/6/2012,0.6808
8/3/2012,0.806
8/2/2012,0.88041
8/1/2012,0.89193
7/31/2012,0.86308
7/30/2012,0.86563
7/27/2012,0.88422
7/26/2012,0.895
7/25/2012,0.83842
7/24/2012,0.7905
7/23/2012,0.75812
7/20/2012,0.74461
7/19/2012,0.77473
7/18/2012,0.80663
7/17/2012,0.82793
7/16/2012,0.92833
7/13/2012,0.60573
7/12/2012,0.15858
7/11/2012,0.40805
7/10/2012,0.45434
7/9/2012,0.77923
7/6/2012,0.73136
7/5/2012,0.65543
7/3/2012,0.68665
7/2/2012,0.60011
6/29/2012,0.44486
6/28/2012,0.71936
6/27/2012,0.75983
6/26/2012,0.80264
6/25/2012,0.83486
6/22/2012,0.8007
6/21/2012,0.79089
6/20/2012,0.80291
6/19/2012,0.56379
6/18/2012,0.42647
6/15/2012,0.53139
6/14/2012,0.55841
6/13/2012,0.57431
6/12/2012,0.69108
6/11/2012,0.65279
6/8/2012,0.71012
6/7/2012,0.76617
6/6/2012,0.80272
6/5/2012,0.82081
6/4/2012,0.75947
6/1/2012,0.73944
5/31/2012,0.69889
5/30/2012,0.70949
5/29/2012,0.6831
5/25/2012,0.71665
5/24/2012,0.80832
5/23/2012,0.86827
5/22/2012,0.87677
5/21/2012,0.85541
5/18/2012,0.87921
5/17/2012,0.83761
5/16/2012,0.80186
5/15/2012,0.77757
5/14/2012,0.70585
5/11/2012,0.72007
5/10/2012,0.73847
5/9/2012,0.72916
5/8/2012,0.43471
5/7/2012,0.58531
5/4/2012,0.53029
5/3/2012,0.4593
5/2/2012,0.67929
5/1/2012,0.62402
4/30/2012,0.61818
4/27/2012,0.41835
4/26/2012,0.49526
4/25/2012,0.58766
4/24/2012,0.68504
4/23/2012,0.53806
4/20/2012,0.56057
4/19/2012,0.78343
4/18/2012,0.88297
4/17/2012,0.95215
4/16/2012,0.94351
4/13/2012,0.95212
4/12/2012,0.94995
4/11/2012,0.95279
4/10/2012,0.93999
4/9/2012,0.82267
4/5/2012,0.80283
4/4/2012,0.80839
4/3/2012,0.81187
4/2/2012,0.85511
3/30/2012,0.87337
3/29/2012,0.86768
3/28/2012,0.89022
3/27/2012,0.81921
3/26/2012,0.62512
3/23/2012,0.56708
3/22/2012,0.47153
3/21/2012,0.72533
3/20/2012,0.79226
3/19/2012,0.8201
3/16/2012,0.80514
3/15/2012,0.79772
3/14/2012,0.77216
3/13/2012,0.75284
3/12/2012,0.585
3/9/2012,0.2466
3/8/2012,0.57116
3/7/2012,0.48473
3/6/2012,0.40985
3/5/2012,0.36567
3/2/2012,0.31769
3/1/2012,0.31977
2/29/2012,0.50131
2/28/2012,0.71377
2/27/2012,0.82626
2/24/2012,0.80463
2/23/2012,0.82774
2/22/2012,0.83663
2/21/2012,0.84182
2/17/2012,0.83862
2/16/2012,0.76304
2/15/2012,0.75166
2/14/2012,0.78237
2/13/2012,0.81692
2/10/2012,0.84028
2/9/2012,0.91553
2/8/2012,0.90551
2/7/2012,0.91745
2/6/2012,0.92943
2/3/2012,0.91883
2/2/2012,0.90087
2/1/2012,0.8758
1/31/2012,0.87504
1/30/2012,0.91711
1/27/2012,0.00298
1/26/2012,-0.11681
1/25/2012,-0.24969
1/24/2012,-0.23859
1/23/2012,-0.21884
1/20/2012,-0.22833
1/19/2012,-0.23046
1/18/2012,-0.15594
1/17/2012,-0.02449
1/13/2012,-0.00636
1/12/2012,0.74823
1/11/2012,0.76935
1/10/2012,0.71305
1/9/2012,0.70776
1/6/2012,0.65453
1/5/2012,0.51557
1/4/2012,0.44703
1/3/2012,0.47335
12/30/2011,0.47209
12/29/2011,0.50554
12/28/2011,0.55731
12/27/2011,0.79321
12/23/2011,0.91405
12/22/2011,0.90676
12/21/2011,0.92779
12/20/2011,0.96802
12/19/2011,0.97437
12/16/2011,0.97205
12/15/2011,0.96847
12/14/2011,0.96403
12/13/2011,0.95511
12/12/2011,0.94863
12/9/2011,0.92925
12/8/2011,0.92323
12/7/2011,0.90372
12/6/2011,0.93181
12/5/2011,0.83306
12/2/2011,0.58234
12/1/2011,0.79587
11/30/2011,0.71952
11/29/2011,0.70248
11/28/2011,0.71759
11/25/2011,0.61356
11/23/2011,0.65268
11/22/2011,0.71298
11/21/2011,0.72218
11/18/2011,0.75678
11/17/2011,0.81624
11/16/2011,0.75947
11/15/2011,0.81218
11/14/2011,0.841
11/11/2011,0.83512
11/10/2011,0.79107
11/9/2011,0.81943
11/8/2011,0.84924
11/7/2011,0.84138
11/4/2011,0.86829
11/3/2011,0.80069
11/2/2011,0.71228
11/1/2011,0.72185
10/31/2011,0.6632
10/28/2011,0.54413
10/27/2011,0.29717
10/26/2011,0.06833
10/25/2011,0.10694
10/24/2011,-0.02359
10/21/2011,-0.28297
10/20/2011,0.20015
10/19/2011,0.56102
10/18/2011,0.88119
10/17/2011,0.93642
10/14/2011,0.89769
10/13/2011,0.89067
10/12/2011,0.82222
10/11/2011,0.75383
10/10/2011,0.69768
10/7/2011,0.56337
10/6/2011,0.41458
10/5/2011,0.48087
10/4/2011,0.62932
10/3/2011,0.5209
9/30/2011,0.2056
9/29/2011,-0.15727
9/28/2011,0.13884
9/27/2011,0.63267
9/26/2011,0.77423
9/23/2011,0.92174
9/22/2011,0.91481
9/21/2011,0.91439
9/20/2011,0.91103
9/19/2011,0.90942
9/16/2011,0.8307
9/15/2011,0.73262
9/14/2011,0.74991
9/13/2011,0.76828
9/12/2011,0.84971
9/9/2011,0.75134
9/8/2011,0.69469
9/7/2011,0.66349
9/6/2011,0.72735
9/2/2011,0.63075
9/1/2011,0.54369
8/31/2011,0.56408
8/30/2011,0.70664
8/29/2011,0.78131
8/26/2011,0.84166
8/25/2011,0.8645
8/24/2011,0.82621
8/23/2011,0.79706
8/22/2011,0.77073
8/19/2011,0.69279
8/18/2011,0.65108
8/17/2011,0.56972
8/16/2011,0.67917
8/15/2011,0.76641
8/12/2011,0.82506
8/11/2011,0.85163
8/10/2011,0.87591
8/9/2011,0.89481
8/8/2011,0.90565
8/5/2011,0.88607
8/4/2011,0.78322
8/3/2011,0.47878
8/2/2011,0.17957
8/1/2011,0.47971
7/29/2011,0.60279
7/28/2011,0.6363
7/27/2011,0.5985
7/26/2011,0.66659
7/25/2011,0.67115
7/22/2011,0.69116
7/21/2011,0.69065
7/20/2011,0.69778
7/19/2011,0.77833
7/18/2011,0.78848
7/15/2011,0.70249
7/14/2011,0.4839
7/13/2011,0.5063
7/12/2011,0.61798
7/11/2011,0.71993
7/8/2011,0.77912
7/7/2011,0.89769
7/6/2011,0.90903
7/5/2011,0.83252
7/1/2011,0.84276
6/30/2011,0.79905
6/29/2011,0.60092
6/28/2011,0.41082
6/27/2011,0.55867
6/24/2011,0.59884
6/23/2011,0.59094
6/22/2011,0.60949
6/21/2011,0.52987
6/20/2011,0.72878
6/17/2011,0.66927
6/16/2011,0.71198
6/15/2011,0.65976
6/14/2011,0.64046
6/13/2011,0.67396
6/10/2011,0.69986
6/9/2011,0.62312
6/8/2011,0.31356
6/7/2011,0.55953
6/6/2011,0.63294
6/3/2011,0.69188
6/2/2011,0.61759
6/1/2011,0.71805
5/31/2011,0.78249
5/27/2011,0.63581
5/26/2011,0.47048
5/25/2011,0.15857
5/24/2011,0.35284
5/23/2011,0.42955
5/20/2011,0.36557
5/19/2011,0.30821
5/18/2011,0.41899
5/17/2011,0.33114
5/16/2011,0.23806
5/13/2011,0.40007
5/12/2011,0.39732
5/11/2011,0.39901
5/10/2011,0.58537
5/9/2011,0.2987
5/6/2011,0.54272
5/5/2011,0.51383
5/4/2011,0.78411
5/3/2011,0.87037
5/2/2011,0.92451
4/29/2011,0.92632
4/28/2011,0.92634
4/27/2011,0.91391
4/26/2011,0.88617
4/25/2011,0.66055
4/21/2011,0.68361
4/20/2011,0.81464
4/19/2011,0.84745
4/18/2011,0.77263
4/15/2011,0.7252
4/14/2011,0.74826
4/13/2011,0.61965
4/12/2011,0.74988
4/11/2011,0.79916
4/8/2011,0.8869
4/7/2011,0.92622
4/6/2011,0.93767
4/5/2011,0.94363
4/4/2011,0.94373
4/1/2011,0.94877
3/31/2011,0.9577
3/30/2011,0.75105
3/29/2011,0.65703
3/28/2011,0.41462
3/25/2011,0.66253
3/24/2011,0.77003
3/23/2011,0.82746
3/22/2011,0.85865
3/21/2011,0.88194
3/18/2011,0.90435
3/17/2011,0.89287
3/16/2011,0.89736
3/15/2011,0.86694
3/14/2011,0.82398
3/11/2011,0.83315
3/10/2011,0.8399
3/9/2011,0.96015
3/8/2011,0.93621
3/7/2011,0.88443
3/4/2011,0.85685
3/3/2011,0.77904
3/2/2011,0.6
3/1/2011,0.57582
2/28/2011,0.51233
2/25/2011,0.47203
2/24/2011,0.51746
2/23/2011,0.48401
2/22/2011,0.29531
2/18/2011,0.09587
2/17/2011,0.07605
2/16/2011,0.07054
2/15/2011,0.56958
2/14/2011,0.52577
2/11/2011,0.57833
2/10/2011,0.53671
2/9/2011,0.60412
2/8/2011,0.73754
2/7/2011,0.86247
2/4/2011,0.57963
2/3/2011,0.67573
2/2/2011,0.5567
2/1/2011,0.47418
1/31/2011,0.61486
1/28/2011,0.71717
1/27/2011,0.80888
1/26/2011,0.86583
1/25/2011,0.88313
1/24/2011,0.90201
1/21/2011,0.93474
1/20/2011,0.89347
1/19/2011,0.80005
1/18/2011,0.72186
1/14/2011,0.63332
1/13/2011,0.55608
1/12/2011,0.46062
1/11/2011,0.41183
1/10/2011,0.68208
1/7/2011,0.07415
1/6/2011,0.71039
1/5/2011,0.89044
1/4/2011,0.91978
1/3/2011,0.92964
12/31/2010,0.93067
12/30/2010,0.91826
12/29/2010,0.90325
12/28/2010,0.87533
12/27/2010,0.84496
12/23/2010,0.71051
12/22/2010,0.7632
12/21/2010,0.77028
12/20/2010,0.71868
12/17/2010,0.68572
12/16/2010,0.69683
12/15/2010,0.76415
12/14/2010,0.8589
12/13/2010,0.7724
12/10/2010,0.80286
12/9/2010,0.83427
12/8/2010,0.84479
12/7/2010,0.80587
12/6/2010,0.72641
12/3/2010,0.75601
12/2/2010,0.79742
12/1/2010,0.87
11/30/2010,0.88977
11/29/2010,0.90252
11/26/2010,0.90119
11/24/2010,0.89282
11/23/2010,0.66096
11/22/2010,0.69824
11/19/2010,0.74622
11/18/2010,0.76892
11/17/2010,0.78928
11/16/2010,0.83977
11/15/2010,0.86169
11/12/2010,0.8311
11/11/2010,0.78814
11/10/2010,0.77027
11/9/2010,0.86738
11/8/2010,0.8555
11/5/2010,0.8039
11/4/2010,0.78404
11/3/2010,0.47221
11/2/2010,0.61085
11/1/2010,0.71198
10/29/2010,0.72302
10/28/2010,0.68458
10/27/2010,0.59517
10/26/2010,0.54011
10/25/2010,0.65303
10/22/2010,0.58708
10/21/2010,0.56808
10/20/2010,0.57761
10/19/2010,0.80994
10/18/2010,0.79687
10/15/2010,0.52779
10/14/2010,0.55224
10/13/2010,0.15194
10/12/2010,0.28496
10/11/2010,0.21333
10/8/2010,0.171
10/7/2010,0.3099
10/6/2010,0.4873
10/5/2010,0.45617
10/4/2010,0.43243
10/1/2010,0.45648
9/30/2010,0.4232
9/29/2010,0.55737
9/28/2010,0.50044
9/27/2010,0.44239
9/24/2010,0.44386
9/23/2010,0.38108
9/22/2010,0.07376
9/21/2010,0.02717
9/20/2010,0.07163
9/17/2010,0.09451
9/16/2010,0.08117
9/15/2010,0.33681
9/14/2010,0.56232
9/13/2010,0.66826
9/10/2010,0.70854
9/9/2010,0.79455
9/8/2010,0.78627
9/7/2010,0.79529
9/3/2010,0.705
9/2/2010,0.65195
9/1/2010,0.59491
8/31/2010,0.39527
8/30/2010,0.43326
8/27/2010,0.48116
8/26/2010,0.58472
8/25/2010,0.71043
8/24/2010,0.63181
8/23/2010,0.58258
8/20/2010,0.73025
8/19/2010,0.82574
8/18/2010,0.91085
8/17/2010,0.9526
8/16/2010,0.91066
8/13/2010,0.90852
8/12/2010,0.90272
8/11/2010,0.85684
8/10/2010,0.73778
8/9/2010,0.64937
8/6/2010,0.56988
8/5/2010,0.43276
8/4/2010,0.52389
8/3/2010,0.52079
8/2/2010,0.20084
7/30/2010,0.3921
7/29/2010,0.21713
7/28/2010,0.43472
7/27/2010,0.58364
7/26/2010,0.80248
7/23/2010,0.81238
7/22/2010,0.8348
7/21/2010,0.85443
7/20/2010,0.86805
7/19/2010,0.6718
7/16/2010,0.51202
7/15/2010,0.69868
7/14/2010,0.82073
7/13/2010,0.6795
7/12/2010,0
7/9/2010,0
7/8/2010,0
7/7/2010,0
7/6/2010,0
7/2/2010,0
7/1/2010,0
6/30/2010,0
6/29/2010,0
